Prey,Classification,Class,Order (Suborder),Family,Genus,Species,Successful Predation,Predator Size,DOI,Observer,Location,State,Biogeographic zone,Latitude,Longitude,Source,Notes,Link
Platyceps plinii,Serpentes,Reptilia,Squamata (Serpentes),Colubridae,Platyceps,plinii,Y,L,HF,Kalki et al. 2022,"Pune, MH",MH,Deccan Peninsula,18.512874,73.86262,Literature,Observed by Shubham Adhikari. Banded racers were in combat. Cobra caught one. Took 2 hours to complete meal,https://www.facebook.com/groups/SnakesofIndia/?post_id=4409296015763090
Bandicota bengalensis,Mammalia,Mammalia,Rodentia,Muridae,Bandicota,bengalensis,Y,-,U,Mirza et al. 2007,-,-,-,-,-,Literature,,
Bandicota bengalensis,Mammalia,Mammalia,Rodentia,Muridae,Bandicota,bengalensis,Y,L,U,Shuayb,"Bangalore, KA",KA,Deccan Peninsula,12.971599,77.594566,Instagram,Regurgitated mother and 9 babies,https://www.instagram.com/p/CRES43jAmeL/
Boiga trigonata,Serpentes,Reptilia,Squamata (Serpentes),Colubridae,Boiga,trigonata,Y,-,U,Wall 1921,"Trichy, TN",TN,Deccan Peninsula,10.821226,78.681475,Literature,,
Calotes versicolor,Sauria,Reptilia,Squamata (Iguania),Agamidae,Calotes,versicolor,Y,-,U,Mirza et al. 2007,-,-,-,-,-,Literature,,
Calotes versicolor,Sauria,Reptilia,Squamata (Iguania),Agamidae,Calotes,versicolor,Y,M,HF,Yatin Kalki,"Bangalore, KA",KA,Deccan Peninsula,12.971599,77.594566,This study,,
Canis familiaris,Mammalia,Mammalia,Carnivora,Canidae,Canis,lupus,Y,L,HF,Ajay Giri,"Hariharpura, KA",KA,Western Ghats,13.53434,75.31454,Facebook,,https://www.facebook.com/ajay.arrs/posts/1369197929909169
Canis familiaris,Mammalia,Mammalia,Carnivora,Canidae,Canis,lupus,N,L,HF,Animal Rescue India,"Nashik, MH",MH,Deccan Peninsula,19.997454,73.789803,Google,,https://www.youtube.com/watch?v=iqwlJXXbZu8
Canis familiaris,Mammalia,Mammalia,Carnivora,Canidae,Canis,lupus,N,M,U,Mirza MD Arif,"Bhadrak, OR",OR,Gangetic Plain,21.051182,86.485748,Google,killed 3 pups,https://www.youtube.com/watch?v=nYPYU2TOjpg
Cnemaspis mysoriensis,Sauria,Reptilia,Squamata (Gekkota),Gekkonidae,Cnemaspis,mysorensis,Y,S,HF,Yatin Kalki,"Bangalore, KA",KA,Deccan Peninsula,12.971599,77.594566,This study,,
Coelognathus helena,Serpentes,Reptilia,Squamata (Serpentes),Colubridae,Coelognathus,helena,N,L,U,Jaydeep Leuva,"Amreli, GJ",GJ,Semi-Arid,21.601948,71.225085,pers. comm.,did not complete meal,
Daboia russelii,Serpentes,Reptilia,Squamata (Serpentes),Viperidae,Daboia,russelii,Y,L,HF,Adil Khan,"Sarni, MP",MP,Deccan Peninsula,22.105659,78.165957,Facebook,,https://www.facebook.com/Adilsarni/posts/151771696294854
Daboia russelii,Serpentes,Reptilia,Squamata (Serpentes),Viperidae,Daboia,russelii,U,L,HF,Akash Pardesi,"Junnar, MH",MH,Western Ghats,19.202504,73.875568,Instagram,,https://www.instagram.com/p/CQnbrIxhbj6/
Daboia russelii,Serpentes,Reptilia,Squamata (Serpentes),Viperidae,Daboia,russelii,Y,M,HF,Amrit De,-,-,-,-,-,Facebook,,https://www.facebook.com/photo?fbid=2444838825785615&set=bc.AbpHU6wIEo6Jf4d7LA0JBdYD2Q2lxdhyBCdYxFnZKFRIhCv3xFpTyjAt2lOUSfa3y0ttmbgdshX5bwR0fLjWXytLakO3glvWniRB5pQ6vUWbYGA_JCf_-TmGvzPVOysvOqfgzDcbyjU5a5n5STONsvb3&opaqueCursor=AbpJcCInGsMJ321rK2boAL9-yWZQjfvhnhZ9NhFx-rmDqo1CQstQg0hdAZ2iIBdxvSjpAzYOMp207OZSGLMl2uf1smiOIuD49UsnZtscknPDh8er9TCKdkk9LvR09e651dSiTdqazMy8cIZSzQkNQJLMPrlZYWLYd0xtLfqYwfLX-zbbuYI5kamCjRO6C5HOlDSKN0fHpgta8bHRRnlxp4Qi3zcklBt2Tj07OYvLqXqaMFZGp9XnPCNane7FGE74BRFkYtXauq-0wvdSTFAwGMNft_abKGJ3-oWv0ShVktxaI6ijE4V04CkSO2QBzRSsfY95Hp7qY3hsT99MA9BCfPu1oC0OZfBwOBJQc1pVYF8MSZisbSCxxJ88blptnv9Iee_NAOY4mbccKKcv6Cq8wYQpl3tCfsC1g-b_QbwF49wQOlrCfQKW8uPY3SviW9Tw_UEZH_lbMKx8oZMPocSwGOfyTs7RHn0kpDSD4W1O1zf0MyUR_-yCsuEL3vQ6o1uGgsM
Daboia russelii,Serpentes,Reptilia,Squamata (Serpentes),Viperidae,Daboia,russelii,Y,L,HF,EGWS,-,AP,Deccan Peninsula,-,-,Facebook,,https://www.facebook.com/EasternGhatsWildlifeSociety/videos/705301076550298
Daboia russelii,Serpentes,Reptilia,Squamata (Serpentes),Viperidae,Daboia,russelii,Y,L,HF,Kalki et al. 2022,"Bangalore, KA",KA,Deccan Peninsula,12.971599,77.594566,Literature,Observed by Subadhra Cherukuri,https://m.facebook.com/groups/293704990655567?view=permalink&id=2167119459980768
Daboia russelii,Serpentes,Reptilia,Squamata (Serpentes),Viperidae,Daboia,russelii,Y,L,HF,Mirza MD Arif,"Bhadrak, OR",OR,Gangetic Plain,21.051182,86.485748,YouTube,Regurgitated big viper,https://www.youtube.com/watch?v=eB8W5FQyMZY&ab_channel=MIRZAMDARIF
Daboia russelii,Serpentes,Reptilia,Squamata (Serpentes),Viperidae,Daboia,russelii,Y,L,HF,Rajendra Pawaskar,-,-,-,-,-,Google,,https://www.youtube.com/watch?v=jhQISf8endQ
Daboia russelii,Serpentes,Reptilia,Squamata (Serpentes),Viperidae,Daboia,russelii,Y,M,HF,Samson Kirubakaran,"Madurai, TN",TN,Deccan Peninsula,9.939093,78.121719,Facebook,,https://facebook.com/groups/293704990655567?view=permalink&id=4257771897582170
Daboia russelii,Serpentes,Reptilia,Squamata (Serpentes),Viperidae,Daboia,russelii,Y,M,HF,Samson Kirubakaran,"Madurai, TN",TN,Deccan Peninsula,9.939093,78.121719,Instagram,,https://www.instagram.com/p/CBsS3IPgt-i/
Daboia russelii,Serpentes,Reptilia,Squamata (Serpentes),Viperidae,Daboia,russelii,U,L,U,Soumyajith Rath,Eastern Ghats,OR,-,-,,Instagram,,https://www.instagram.com/p/CWa49rPpEcT/
Daboia russelii,Serpentes,Reptilia,Squamata (Serpentes),Viperidae,Daboia,russelii,N,L,U,Udhayan Dharmadhikari,"Nagpur, MH",MH,Deccan Peninsula,21.144398,79.091729,India Nature Watch,,http://www.indianaturewatch.net/displayimage.php?id=357554
Duttaphrynus melanostictus,Anura,Amphibia,Anura,Bufonidae,Duttaphrynus,melanosticus,Y,M,HF,Aadit Patel,"Valsad, GL",GJ,Coast,20.63,72.93,Instagram,,https://www.instagram.com/p/CLKPklVASjt/
Duttaphrynus melanostictus,Anura,Amphibia,Anura,Bufonidae,Duttaphrynus,melanosticus,Y,M,HF,Anil Sharma,"Bangalore, KA",KA,Deccan Peninsula,12.971599,77.594566,Instagram,,https://www.instagram.com/p/BtBNTMvBEcU/
Duttaphrynus melanostictus,Anura,Amphibia,Anura,Bufonidae,Duttaphrynus,melanosticus,-,M,HF,Avinash Bhagat,-,-,-,-,-,Google,,https://pogirigowrishankar.wordpress.com/2012/11/08/king-cobras-common-cobras-we-beg-to-differ/
Duttaphrynus melanostictus,Anura,Amphibia,Anura,Bufonidae,Duttaphrynus,melanosticus,Y,L,HF,Brihadeesh Santharam,-,-,-,-,-,Flickr,,https://www.flickr.com/photos/146623647@N08/34970623346/in/photostream/
Duttaphrynus melanostictus,Anura,Amphibia,Anura,Bufonidae,Duttaphrynus,melanosticus,Y,M,HF,Chayant Gonsalves,"Bangalore, KA",KA,Deccan Peninsula,12.971599,77.594566,iNaturalist,took 4 hours to complete meal,https://www.inaturalist.org/observations/66540166
Duttaphrynus melanostictus,Anura,Amphibia,Anura,Bufonidae,Duttaphrynus,melanosticus,Y,M,U,Mirza et al. 2007,"Mumbai, MH",MH,Coast,19.07609,72.877426,Literature,,
Duttaphrynus melanostictus,Anura,Amphibia,Anura,Bufonidae,Duttaphrynus,melanosticus,Y,M,U,Mirza et al. 2007,"Mumbai, MH",MH,Coast,19.07609,72.877426,Literature,,
Duttaphrynus melanostictus,Anura,Amphibia,Anura,Bufonidae,Duttaphrynus,melanosticus,Y,M,U,Mirza et al. 2007,"Mumbai, MH",MH,Coast,19.07609,72.877426,Literature,,
Duttaphrynus melanostictus,Anura,Amphibia,Anura,Bufonidae,Duttaphrynus,melanosticus,Y,M,HF,Parin Gala,"Pune, MH",MH,Deccan Peninsula,18.516726,73.86262,Facebook,,https://www.facebook.com/photo?fbid=966532916704437&set=bc.AbqQgmq537F1f4V8ez9UvefOc9a_SUwVb2LXodcDHCwUmeyFuBbFGaKwdC62J95yoffpV0Tu-4kL5lhBBlRYeSSeky2G7lnG0IP-d_msrOdwmv_ctcNIQacF5ELovxZNwCIoF1bMLbLzqsnHUdZvPl14&opaqueCursor=AbrzcEKpwYweeT0ib3wCxUhjpir1_v9YsSQLUkQk_gHlZly_EG7M2a_0m1nl3qyxXoW_bWEX23VeRXSSiEudoUJG5MbE22egkhnqwehGY7CMOWTME8DW77TAHYx-M5Wgq8FPFB076FlCf_-2Gd_8DFH5Az9MkeUiegP7cGvkDi4dlIDGYbRoJ_ovLSTY3bHUeLNYwG061mQTOzznSzrGEAZphpWSQTvSNbem1rwDnq9Xnw5Ds5KqZV_4CqFqJgqU55-2FJgKjNV_QZt_OmgChut_0Vuvf-Z6BI6t-UWwcMpy8edgruqN5HLnGbnhlQbqi-bKE840EJZZYz7jcpIqdYjF8teVG1Hex6wAAls-MEk-ox7Qu1hoBfetJJOYG69SIw5Q3E-2N28pJ4YC2S6UL9nZsnodkdx6ejA3U4juma7mzOJ_R-3gXfazCaNZcCm6Zxcl4ooAO93u_9Cs9H4ULAa36RYw7GBRrzXrmGCFFaPxIw
Duttaphrynus melanostictus,Anura,Amphibia,Anura,Bufonidae,Duttaphrynus,melanosticus,Y,M,HF,Rounak Khare,"Pune, MH",MH,Deccan Peninsula,18.516726,73.86262,India Nature Watch,,http://www.indianaturewatch.net/displayimage.php?id=310466
Duttaphrynus melanostictus,Anura,Amphibia,Anura,Bufonidae,Duttaphrynus,melanosticus,Y,M,HF,Sagar Patel,"Dahanu, MH",MH,Coast,19.990751,72.743675,Instagram,,https://www.instagram.com/p/CL8aK12HdWr/
Duttaphrynus melanostictus,Anura,Amphibia,Anura,Bufonidae,Duttaphrynus,melanosticus,Y,M,HF,Shubham Adhikari,"Pune, MH",MH,Deccan Peninsula,18.516726,73.86262,Instagram,,https://www.instagram.com/p/CQBRaSALy23/
Duttaphrynus melanostictus,Anura,Amphibia,Anura,Bufonidae,Duttaphrynus,melanosticus,-,L,U,Shubham Srivastav,"Hoskote, KA",KA,Deccan Peninsula,13.070942,77.801113,India Nature Watch,,http://www.indianaturewatch.net/displayimage.php?id=449308
Duttaphrynus melanostictus,Anura,Amphibia,Anura,Bufonidae,Duttaphrynus,melanosticus,Y,-,U,Wall 1921,-,-,-,-,-,Literature,,
Duttaphrynus melanostictus,Anura,Amphibia,Anura,Bufonidae,Duttaphrynus,melanosticus,N,M,HF,Yatin Kalki,"Bangalore, KA",KA,Deccan Peninsula,12.971599,77.594566,This study,,
Duttaphrynus melanostictus,Anura,Amphibia,Anura,Bufonidae,Duttaphrynus,melanosticus,N,L,HF,Yatin Kalki,"Bangalore, KA",KA,Deccan Peninsula,12.971599,77.594566,This study,,
Duttaphrynus melanostictus,Anura,Amphibia,Anura,Bufonidae,Duttaphrynus,melanosticus,Y,S,TF,Yatin Kalki,"Bangalore, KA",KA,Deccan Peninsula,12.971599,77.594566,This study,,
Duttaphrynus stomaticus,Anura,Amphibia,Anura,Bufonidae,Duttaphrynus,stomaticusg,Y,-,U,Wall 1921,-,-,-,-,-,Literature,Reported as Bufo andersoni,
Eryx conicus,Serpentes,Reptilia,Squamata (Serpentes),Erycidae,Eryx,conicus,N,L,U,Abhilash Vaja,"Gir, GJ",GJ,Semi-Arid,21.169065,70.596481,Instagram,,https://www.instagram.com/p/B_fX5sRACDv/
Felis catus,Mammalia,Mammalia,Carnivora,Felidae,Felis,catus,Y,L,HF,Aadit Patel,-,-,-,-,,Instagram,Kitten,https://www.instagram.com/p/CWvl9eRqWTN/
Felis catus,Mammalia,Mammalia,Carnivora,Felidae,Felis,catus,Y,M,HF,KWECS,"Kharagpur, WB",WB,Gangetic Plain,22.34601,87.231972,Facebook,,https://www.facebook.com/kwecs/posts/1707880836107193
Felis catus,Mammalia,Mammalia,Carnivora,Felidae,Felis,catus,Y,L,U,Mirza MD Arif,"Bhadrak, OR",OR,Gangetic Plain,21.051182,86.485748,Google,swallowed 2 kittens and killed mother cat,https://www.youtube.com/watch?v=ImzRCL5PaS4
Felis catus,Mammalia,Mammalia,Carnivora,Felidae,Felis,catus,N,M,U,Mirza MD Arif,"Bhadrak, OR",OR,Gangetic Plain,21.051182,86.485748,Google,"killed kitten, didnt eat it",https://www.youtube.com/watch?v=LBmUB83vUbA
Felis catus,Mammalia,Mammalia,Carnivora,Felidae,Felis,catus,N,L,HF,Samson Kirubakaran,"Madurai, TN",TN,Deccan Peninsula,9.939093,78.121719,Facebook,,https://www.facebook.com/photo?fbid=1743029135842382&set=bc.AbpyBoze-k-xgtmvV0aYf0HjpSuOkSUIwHk_KCoZKC1RGk2Lx3VnMt7dRhoh1qsosp5Dqy1DovOMoy5ha20Zib3dINGsygGlRDui1x4hZx75CIfzO0lkZsPLCaVXGFv42Ves8YSPe4Hbb7vP8G6juOGq&opaqueCursor=AbrQIta11hXQeT2Xcc-__JhnY1rhXkR8YJdPnAlcJN6nWfy6py2H6jvGfBh1teXFWUOc18m3XWUNLK0sjfujdqRgPRmZrPyZu4cT7ZLcBCbyfTXOkZu2Q06MNHr25-pR9iaVyhW-gssaSx2Yl-qZsSPxiXI9De1pGI9k3NYhwNykD7G0FlY_wEsEd2L7N7JSaOLKJGNNCSQ93XXX1Rv0OuVntijiK_O00LOAwks0VbIIjKxSd2N7360BBfhLPMVC1HLv50S1I28UDU_MkeenRL99Sph4lPLtl3u84qDT8xtsIyGfmcigxVbsYDm1eVE3EyWPwrUCylrgrPT-kO43Tv7JN49kuBE_8Seczmr3Lkxhj-K9Un_5n6vN-mKC3Dd8TmrdOuadwWURMPGAJ1BiF-hThqLJ3es2XQfQ2D1uZQk2lxzLywrOZpk97GKbO3_1gmYp4HzGCJsOikc05pWzrTjTz7369FAhxDfYeNcHxTbTT-N5rGeIrfrH6NPjC0XMVbE
Francolinus pondicerianus,Aves,Aves,Galliformes,Phasianoidae,Francolinus,palmarum,Y,L,U,Dhaval Momya,"Coimbatore, TN",TN,Deccan Peninsula,11.004556,76.961632,pers. comm.,cobra chased and caught the bird in 5 seconds. went under shelter to swallow meal,
Funambulus palmarum,Mammalia,Mammalia,Rodentia,Sciuridae,Funambulus,palmarum,Y,L,U,Kalki 2020,"Bangalore, KA",KA,Deccan Peninsula,12.971599,77.594566,Literature,,
Gallus gallus domesticus,Aves,Aves,Galliformes,Phasianoidae,Gallus,gallus,N,L,HF,Ajay Giri,Western Ghats,KA,-,-,,Instagram,"When we reach the location, we saw an approximately 4 ft long spectacled cobra, trying to swallow the chicken. After 45 minutes it gave up the attempt, regurgitated it took refuge inside a store room",https://www.instagram.com/p/CVfiALplyWR/
Gallus gallus domesticus,Aves,Aves,Galliformes,Phasianoidae,Gallus,gallus,N,-,U,Wall 1921,"Faizabad, UP",UP,Gangetic Plain,26.77,82.150002,Literature,,
Gallus gallus domesticus (eggs),Aves,Aves,Galliformes,Phasianoidae,Gallus,gallus,Y,L,U,Bhadrak Naag Lok,"Bhadrak, OR",OR,Gangetic Plain,21.051182,86.485748,Google,2 eggs,https://www.youtube.com/watch?v=SmojEyFFjoE
Gallus gallus domesticus (eggs),Aves,Aves,Galliformes,Phasianoidae,Gallus,gallus,Y,M,-,Nature's Eye,"Mumbai, MH",MH,Coast,19.07609,72.877426,Instagram,,https://www.instagram.com/p/CNFkoW9MZLx/
Gallus gallus domesticus (eggs),Aves,Aves,Galliformes,Phasianoidae,Gallus,gallus,Y,L,-,Sangam Bhopi,Raigad,MH,Deccan Peninsula,18.515752,73.182162,Facebook,ate 1 egg,https://www.facebook.com/groups/SnakesofIndia/posts/7200223730003624/
Halcyon smyrnensis,Aves,Aves,Coraciiformes,Alcedinidae,Halcyon,smyrensis,N,-,HF,Whitaker 1974,"Chennai, TN",TN,Coast,13.067439,80.237617,Literature,,
Hemidactylus parvimaculatus,Sauria,Reptilia,Squamata (Gekkota),Gekkonidae,Hemidactylus,parvimaculatus,Y,S,HF,Kalki et al. 2022,"Bangalore, KA",KA,Deccan Peninsula,12.971599,77.594566,Literature,,
Hemidactylus parvimaculatus,Sauria,Reptilia,Squamata (Gekkota),Gekkonidae,Hemidactylus,parvimaculatus,Y,S,HF,Yatin Kalki,"Bangalore, KA",KA,Deccan Peninsula,12.971599,77.594566,This study,,
Hoplobatrachus tigerinus,Anura,Amphibia,Anura,Dicroglossidae,Hoplobatrachus,tigerinus,Y,-,U,Mirza et al. 2007,-,-,-,-,-,Literature,,
Hoplobatrachus tigerinus,Anura,Amphibia,Anura,Dicroglossidae,Hoplobatrachus,tigerinus,Y,L,HF,PRB good job,-,-,-,-,-,Google,,https://www.youtube.com/watch?v=zpaoThLjLzA
Hoplobatrachus tigerinus,Anura,Amphibia,Anura,Dicroglossidae,Hoplobatrachus,tigerinus,Y,-,U,Wall 1921,-,-,-,-,-,Literature,,
Lycodon aulicus,Serpentes,Reptilia,Squamata (Serpentes),Colubridae,Lycodon,aulicus,Y,M,U,Wall 1921,-,-,-,-,-,Literature,,
Lycodon travancoricus,Serpentes,Reptilia,Squamata (Serpentes),Colubridae,Lycodon,travancoricus,Y,S,HF,Raghavendra Pai,"Someshwara WLS, KA",KA,Western Ghats,13.86825,75.50465,Facebook,,https://www.facebook.com/photo?fbid=10210140051608975&set=bc.AboGP55nPghNOAp2WMo58q2aaKKDuszTe7wcaIycbiTs4paz9PptDng9v2evKWhvIxggg_PAqbOLXzRAMfzKZYrEEoTZD2BLU0gdbSKesFMa_nOeSHdSqTdxCiDdRw3PY2wWoomeEe3bnsm7At0YomEA&opaqueCursor=AboJS_YyWs5FFIYeL7LvU9zBNjuLjbhPdZ0jiOxPaa1cVLPe_CT3EY6rtTrJ3-J-1_65xye9uZdwVyr7_iCTSBDkoFFOh8i2OMUfu-usCzgsCREqOGQbO3nghcRDlmArDg5UyovCJH3LeyBnQeFyrMUwI-azVOrX4kXYqFSuOSbTAAc6SZNd3Ji8DsjZD6mbhxws_Zk7SkzLj-PGEsDky-q0Z6wqeIaqVxxnKQCkXWSVNh_yHn-Ja3YoXn2oTl-dolVdVHPDofKjnDVjxvtsZQYa28pNpD-cUIRjRtv29YUHAnVWx0UE_CRfUnJByeHJuQ9WdjLfg0X1N-web11NTMicaeUEKgCaRi7slVMpLBGsgtHfPLdCqYSfQNcznCW1-PvDZ5WvPiSEeCSxJAzIUcpRQIwS1JpodaKsLbgTN9z9dODXPK8KRlSxqdAfbSQ-DEWKWQNgExVf21aY2ypiSNl1zNB2gLLG5YCYNO4ntmfhLuhofSuJhs-zFOASur6X1JD94B6s5pybdo0J2yzVbRcB5H_-EeQZk6jVObUQwRMOX9uO09MiVDTJSEiOHTWm8aBLaCW3az7roUad4XiijEuf
Melopsittacus undulatus,Aves,Aves,Psittaciformes,Psittacidae,Melopsittacus,udulatus,Y,L,HF,Saidas Kusal,"Kharadi, Pune, MH",MH,Deccan Peninsula,18.555402,73.943827,YouTube,,https://www.youtube.com/watch?v=16uTGKos52A&ab_channel=SarpmitraSaidasKusal
Mus budooga,Mammalia,Mammalia,Rodentia,Muridae,Mus,budooga,Y,-,U,Mirza et al. 2007,-,-,-,-,-,Literature,,
Naja naja,Serpentes,Reptilia,Squamata (Serpentes),Elapidae,Naja,naja,Y,L,HF,Arun Kumar GN,-,-,-,-,-,Facebook,,https://www.facebook.com/permalink.php?story_fbid=752568095463836&id=100021319566849
Naja naja,Serpentes,Reptilia,Squamata (Serpentes),Elapidae,Naja,naja,Y,L,TF,Cheerla Sagar,Telangana,TS,Deccan Peninsula,17.123184,79.208824,YouTube,regurgitated on handling,https://www.youtube.com/watch?v=bRgWvPTYvhw&ab_channel=cheerlasagar
Naja naja,Serpentes,Reptilia,Squamata (Serpentes),Elapidae,Naja,naja,Y,L,HF,Goswami Dipak,"Kotdi, GJ",GJ,Semi-Arid,23.047127,69.182636,India Nature Watch,,http://www.indianaturewatch.net/displayimage.php?id=280131
Naja naja,Serpentes,Reptilia,Squamata (Serpentes),Elapidae,Naja,naja,Y,L,HF,Harish Chandra Parida,-,OR,Deccan Peninsula,-,-,Google,,https://www.aol.co.uk/news/2018/09/28/when-snake-eats-snake-and-then-changes-its-mind/?guccounter=1&guce_referrer=aHR0cHM6Ly93d3cuZ29vZ2xlLmNvbS8&guce_referrer_sig=AQAAAEgA8OyTzWhH-G8VmcfdZCPVWWPJSHY6tM72XSiL60H_QZmmDHV1M1LTzbDWpql5EHNQp9qVrWQ_yDsFbCb3PznWO1W9PNsI1JDSkPLKcOSFP9G9BDyht79rwYUGVxWwneQxOIQBekYgdwNWMCJv_tijqma4FHDixXJEnNJdRDCE
Naja naja,Serpentes,Reptilia,Squamata (Serpentes),Elapidae,Naja,naja,,L,,Jayesh Bainalwar,"Chandrapur, MH",MH,Deccan Peninsula,19.970324,79.30336,Facebook,,https://www.facebook.com/groups/SnakesofIndia/permalink/5631637663528913/
Naja naja,Serpentes,Reptilia,Squamata (Serpentes),Elapidae,Naja,naja,U,L,U,Jigar Solanki,"Maval, MH",MH,Western Ghats,18.900039,73.372274,Instagram,,
Naja naja,Serpentes,Reptilia,Squamata (Serpentes),Elapidae,Naja,naja,Y,L,U,Mirza et al. 2007,-,-,-,-,-,Literature,,
Naja naja,Serpentes,Reptilia,Squamata (Serpentes),Elapidae,Naja,naja,Y,L,HF,Nilesh Parekh,-,-,-,-,-,Facebook,,https://m.facebook.com/story.php?story_fbid=10159571785674392&id=798824391
Naja naja,Serpentes,Reptilia,Squamata (Serpentes),Elapidae,Naja,naja,-,L,U,Ravi Ramaswamy,"Jannapura, KA",KA,Western Ghats,14.0746,75.8228,iNaturalist,,https://www.inaturalist.org/observations/71928137
Naja naja,Serpentes,Reptilia,Squamata (Serpentes),Elapidae,Naja,naja,Y,L,HF,Tauseef Ahmed,-,-,-,-,-,pers. comm.,,https://drive.google.com/file/d/1xcXbkqcAGCMpNZ8nSHP9XX6fZvk0c0wp/view?usp=sharing
Naja naja,Serpentes,Reptilia,Squamata (Serpentes),Elapidae,Naja,naja,Y,L,TF,Unknown,-,-,-,-,-,Whatsapp,,
Naja naja,Serpentes,Reptilia,Squamata (Serpentes),Elapidae,Naja,naja,Y,M,HF,Vasanthi K Samethadka,-,KA,-,-,-,Facebook,,https://www.facebook.com/Vasanthisamethadka/posts/1242693372586903
Naja naja,Serpentes,Reptilia,Squamata (Serpentes),Elapidae,Naja,naja,Y,M,HF,Veeraj Kamath,"Rabale, Navi Mumbai, MH",MH,Coast,19.146332,73.008058,Facebook,,https://www.facebook.com/groups/SnakesofIndia/permalink/5303611799664836
Pteropus giganteus,Mammalia,Mammalia,Chiroptera,Pteropodidae,Pteropus,giganteus,N,M,HF,Mirza et al. 2007,"Mumbai, MH",MH,Coast,19.07609,72.877426,Literature,,
Ptyas mucosa,Serpentes,Reptilia,Squamata (Serpentes),Colubridae,Ptyas,mucosa,,L,HF,Mayur Nakhva,"Jamnagar, GJ",GJ,Semi-Arid,22.44542,70.068178,Facebook,,https://www.facebook.com/groups/SnakesofIndia/permalink/5544099352282745/
Ptyas mucosa,Serpentes,Reptilia,Squamata (Serpentes),Colubridae,Ptyas,mucosa,Y,L,HF,Pradeep Nair,"Mundaya, KL",KL,Western Ghats,10.7676064,76.2652909,Facebook,,https://m.facebook.com/groups/188686834965434?view=permalink&id=880907782409999
Ptyas mucosa,Serpentes,Reptilia,Squamata (Serpentes),Colubridae,Ptyas,mucosa,Y,L,U,Shubham Adhikari,"Pune, MH",MH,Deccan Peninsula,18.516726,73.86262,Facebook,,https://m.facebook.com/story.php?story_fbid=2142070952719246&id=100007490862897
Ptyas mucosa,Serpentes,Reptilia,Squamata (Serpentes),Colubridae,Ptyas,mucosa,N,L,U,Shubham Adhikari,"Pune, MH",MH,Deccan Peninsula,18.516726,73.86262,Instagram,,https://www.instagram.com/p/CNg68pFDwDf/
Ptyas mucosa,Serpentes,Reptilia,Squamata (Serpentes),Colubridae,Ptyas,mucosa,Y,L,U,Wall 1921,"Kil Kotagiri, TN",TN,Western Ghats,11.45162,76.92969,Literature,Reported by Kinlock,
Python molurus,Serpentes,Reptilia,Squamata (Serpentes),Pythonidae,Python,molurus,Y,L,HF,Avirat Shete,"Ranthambore, RJ",RJ,Semi-Arid,26.0357,76.475,Facebook,,https://www.facebook.com/groups/479765396323803/permalink/527678364865839
Python molurus,Serpentes,Reptilia,Squamata (Serpentes),Pythonidae,Python,molurus,Y,L,HF,Maheta et al. 2020,"Khengariya, GJ",GJ,Semi-Arid,22.99269,72.02831,Literature,,
Python molurus,Serpentes,Reptilia,Squamata (Serpentes),Pythonidae,Python,molurus,Y,L,HF,Thanigaivel,"Thirunelveli, TN",TN,Deccan Peninsula,8.741222,77.694626,Facebook,,https://m.facebook.com/story.php?story_fbid=3086598611435099&id=100002549712171
Python molurus,Serpentes,Reptilia,Squamata (Serpentes),Pythonidae,Python,molurus,Y,L,HF,Thanigaivel,"Thirunelveli, TN",TN,Deccan Peninsula,8.741222,77.694626,Instagram,,https://www.instagram.com/p/CBfKbHgAQOk/
Python molurus,Serpentes,Reptilia,Squamata (Serpentes),Pythonidae,Python,molurus,N,L,U,Vikas Kumar,"Bhadra WLS, KA",KA,Western Ghats,15.66464,74.2596,pers. comm.,"struggle for 5 hours, left and both snakes disappeared",
Rattus rattus,Mammalia,Mammalia,Rodentia,Muridae,Rattus,rattus,Y,L,HF,Jigar Solanki,Pune,MH,Deccan Peninsula,18.516726,73.86262,Instagram,,https://www.instagram.com/p/CUPHMOhAuAg/
Rattus rattus,Mammalia,Mammalia,Rodentia,Muridae,Rattus,rattus,Y,M,HF,Kalki 2020,"Bangalore, KA",KA,Deccan Peninsula,12.971599,77.594566,Literature,,
Rhabdophis plumbicolor,Serpentes,Reptilia,Squamata (Serpentes),Colubridae,Rhabdophis,plumbicolor,Y,L,HF,Akash Pardesi,"Junnar, MH",MH,Western Ghats,19.202504,73.875568,Instagram,,https://www.instagram.com/p/COf_zldBstO/
Rhabdophis plumbicolor,Serpentes,Reptilia,Squamata (Serpentes),Colubridae,Rhabdophis,plumbicolor,Y,L,HF,Kalki et al. 2022,"Pune, MH",MH,Deccan Peninsula,18.516726,73.86262,Literature,"Observed by Sudhir Wadkar feeding in wild, regurgitated after capture.",
Rhabdophis plumbicolor,Serpentes,Reptilia,Squamata (Serpentes),Colubridae,Rhabdophis,plumbicolor,Y,M,HF,Pratik Mahamuni,"Pune, MH",MH,Deccan Peninsula,18.516726,73.86262,Whatsapp,"Regurgitated after capture, frog also",
Tatera indica,Mammalia,Mammalia,Rodentia,Muridae,Tatera,indica,Y,M,HF,Abhijeet Sonawane,Sahyadri Hill Range,,Western Ghats,10.166191,77.066572,Instagram,,https://www.instagram.com/p/CAJ_Xypg02j/
Unidentified numididae (eggs),Aves,Aves,Galliformes,Numididae,-,-,Y,-,U,Wall 1921,-,-,-,-,-,Literature,Reported by CP George and Brook Fox,
Unidentified phasianoidae,Aves,Aves,Galliformes,Phasianoidae,-,-,Y,-,U,Wall 1921,"Faizabad, UP",UP,Gangetic Plain,26.77,82.150002,Literature,,
Unidentified phasianoidae,Aves,Aves,Galliformes,Phasianoidae,-,-,Y,-,U,Wall 1921,"Almora, UK",UK,Himalaya,29.594189,79.653893,Literature,,
Unidentified rodentia,Mammalia,Mammalia,Rodentia,-,-,-,Y,M,HF,Gauravv Gharat,-,-,-,-,-,Instagram,,https://www.instagram.com/p/CDJiR5lgIp8/
Unidentified rodentia,Mammalia,Mammalia,Rodentia,-,-,-,Y,M,U,Omprasad Sohani,-,-,-,-,-,Facebook,,https://www.facebook.com/photo?fbid=791953274173411&set=bc.Abq8hOtxfvO4XLRCIFqUcY3skCXLXghFagOnYEUnMvZza2egHkjHmrBKlnV9xINgy-SRGbUxNf5O5jzwcuF5Flub0sSNO-3xdgVBtzRNLUJnH8OCPj0Mc6ZLJ20pqNAFSDbZqVhb3K4SjtJqTz0R14K9&opaqueCursor=AbpzECIMic_9axYEn-8hlDPmQb8Wu7z9tvx6N5nGzRC9wgxo5aGRZD1VY4DielHLq3iYgZuPenRSpByVTHCfRmvasgHNKxo8k3-nRakeKBOU9w5E8TqtlcAAAA9RrJnLTnpzHQgVbkYA1sowq0yk8baSFxu9-SN5GSMvytO7ZHuJufSXJvwA4TybvxbB4Ojn-9Vc5ujAbPyxd4aSlqHuk_UmveSk-MB2Xk6AquYMr46prmd0O_kJRzPA2a1PpNAMUGsaHiMd2E5xzdCRMfZUhgflI8d2QKACBd6Z3MZ3EZUvbVSqCb1oBoARv93QL7ozzvl9pdswfiqvLvp9cImpFqmT6q_9Mqup8PhlciFbGgGLvIasSrUFJOeP4j-Rl6ZIbQ9SNo96XDeO-v5MP5S8tHs59kqD-0VnBnonnWtKhLTaU6GH8NHr8bDShhUGJGYMsmHu51eNJTWP1rF0xl24NOv0j43pKhN9ncLG3S0NhZu_cStNP4bQQw4vRo72z-yznDA
Unidentified rodentia,Mammalia,Mammalia,Rodentia,-,-,-,Y,M,HF,Prabhu Swami,"Mumbai, MH",MH,Coast,19.07609,72.877426,Reptiles of India,,https://www.indianreptiles.org/media_images/2017/380_1943-814-59f94edcf2f11-1.jpg
Unidentified rodentia,Mammalia,Mammalia,Rodentia,-,-,-,Y,-,TF,Sharma 1991,"Mohammadpur, RJ",RJ,Semi-Arid,27.825087,76.326094,Literature,,
Unidentified rodentia,Mammalia,Mammalia,Rodentia,-,-,-,Y,M,HF,Vasundhara Nature Club,-,GJ,Semi-Arid,-,-,Facebook,,https://www.facebook.com/vncjunagadh/photos/basw.Abpil8qp9iopipaVNx-JEDU_y-aLm_6wm7mS8-1_y3cW0r7iMAi9VTHLN3bCG4hMNoOxEQPJZhIJ13mQeo1OC-uxz3JpbJaj19ZHeST3Hn374Capj8II_qv0IGJZpks0IfvNWzIDRE9r_a1tVuxczABF/431705336942314/?opaqueCursor=AbqoZ4czHivKc7oAyibcb98DLQ1Xm3RaVES1STCDHipJHmOhqztaKyngE2zvduKYtES9mG6Bnn5_xSzqZR84SNUBNTzUd82XL32h97xYv_YMN9vZ1O3uWjSENX85hVKYNtv8_cw5cFa_zKIPbLGOHNeDTW_e5V9F1uCQkBzDUAZAN8rCgIET5RU46dOvLFvNGpNiDFa1WAO6zMpVXGe2ai03RoQXeuUR3otjvnpmfRG-Qhq38tFXGBPzaOcRewnuZHGUybHHA9MlKA-1pXkCTM7PWIZEsqAb4XoaN1MN0uSNFX_t1UTMS1fBn_G1vLZueGxXLS5T1yde3haY8DRUhgYuSJK1xlKWSb4srTzlNdEjsOUoNuCU2hFNeinFhZTWVAvNFHEPsF0gO72TSEKRSBsS2EXaGjfONPdB0TYUr9gkrl6znGM2LS9poqFR4xLArtIXqg8Io8Wagkr90KbPWU0IKxhCL5FJmQjWhKRGVNwEz4WgwQc1hOgZoIAqhH8QnNC8I6kUlEOjg75oMMGT6btEI6mWDcU__i_tc944m_WIpXBzZSum6Xfnf8a9kEO_pWZ19zg9Sn-_sNZcB-bdvTlO5_CUf46mRx-34Zf26mI3udvFLDIPcvPbCHifj0bUknM
Uropeltis ellioti,Serpentes,Reptilia,Squamata (Serpentes),Uropeltidae,Uropeltis,ellioti,-,-,U,Mukherjee & Bhupathy 2004,-,-,-,-,-,Literature,,
Varanus bengalensis,Sauria,Reptilia,Squamata (Autarchoglossa),Varanidae,Varanus,bengalensis,Y,L,HF,Shyam Meena,"Jaisalmer, RJ",RJ,Desert,26.909387,70.897994,Facebook,,https://www.facebook.com/groups/SnakesofIndia/?post_id=4721940817831940
Varanus bengalensis,Sauria,Reptilia,Squamata (Autarchoglossa),Varanidae,Varanus,bengalensis,Y,M,U,Wall 1921,"Thiruvananthapuram, KL",KL,Coast,12.971599,77.594566,Literature,,
Varanus bengalensis,Sauria,Reptilia,Squamata (Autarchoglossa),Varanidae,Varanus,bengalensis,Y,L,HF,Yagnesh N Bhatt,"Dharmaj, GJ",GJ,Semi-Arid,22.41785,72.78923,India Nature Watch,,http://www.indianaturewatch.net/displayimage.php?id=279783