Prey,Classification,Class,Order (Suborder),Family,Genus,Species,Successful Predation,Predator Size,DOI,Observer,Location,State,Biogeogrphic zone,Latitude,Longitude,Source,Notes,Link
Acridotheres tristis,Aves,Aves,Passeriformes,Sturnidae,Acridotheres,tristis,Y,M,HF,Sunanda Vinayachandran,"Bangalore, KA",KA,Deccan Peninsula,12.971599,77.594566,Facebook,,https://www.facebook.com/groups/bngbirds/?post_id=10158932947469349&comment_id=10158933367009349&notif_id=1597140340106698&notif_t=group_comment_mention&ref=notif
Bufo bankorensis,Anura,Amphibia,Anura,Bufonidae,Bufo,bankorensis,Y,L,U,Mao et al. 2008,"Yilan County, Taiwan",-,-,-,-,Literature,,
Calotes sp.,Sauria,Reptilia,Squamata (Iguania),Agamidae,Calotes,-,N,-,TF,Wall 1921,"Faizabad, UP",UP,Gangetic plain,26.77,82.150002,Literature,only tail consumed,
Calotes versicolor,Sauria,Reptilia,Squamata (Iguania),Agamidae,Calotes,versicolor,Y,-,U,Wall 1921,-,-,,-,-,Literature,Reported by Blanford,
Calotes versicolor,Sauria,Reptilia,Squamata (Iguania),Agamidae,Calotes,versicolor,U,M,U,Urmil Jhaveri,"Jamnagar, GJ",GJ,Coast,22.492057,70.07834,India Nature Watch,,http://www.indianaturewatch.net/displayimage.php?id=472328
Calotes versicolor,Sauria,Reptilia,Squamata (Iguania),Agamidae,Calotes,versicolor,Y,-,U,Wall 1921,"Kannur, KL",KL,Coast,11.865216,75.365829,Literature,half-grown lizard,
Calotes versicolor,Sauria,Reptilia,Squamata (Iguania),Agamidae,Calotes,versicolor,Y,M,HF,Nitin Prabhudesai,"Pune, MH",MH,Deccan Peninsula,18.521346,73.824856,India Nature Watch,,http://www.indianaturewatch.net/displayimage.php?id=230486
Chrysopelea ornata,Serpentes,Reptilia,Squamata (Serpentes),Colubridae,Chrysopelea,ornata,Y,-,U,Wall 1921,-,-,-,-,-,Literature,Observed by Flower,
Columba livia,Aves,Aves,Columbiformes,Columbidae,Columba,livia,Y,L,HF,Kalki 2021,"Bangalore, KA",KA,Deccan Peninsula,12.971599,77.594566,Literature,,
Copsychus saularis,Aves,Aves,Passeriformes,Muscicapidae,Copsychus,saularis,Y,M,HF,Akshat Bhargava,"Nagpur, MH",MH,Deccan Peninsula,21.139938,79.025812,Facebook,,https://www.facebook.com/photo?fbid=2478652015490353&set=basw.Abqq9dp0MbrtNF4bSvUbrJfs4pVU5k-sJGU9cjSIgOAJkEEKDynkne2YZyaJQzJ3SCbk1746S57nWGd-PweTOYtK-dPY4hgbCUjdluXhSz8J8gaAZDMBLCcHac5AX8CUSK3KyKTWtbv-Qs49QMb_kdxf&opaqueCursor=Abr_yDrLoEST6MkEFBSft6N02cvipDPCAVJxGkA1GoQ5JEs5-XAl045fzeUj41Q6g8VNGCSz1NRRdPLAV10-kUOvpJIy0UYdWP3-dxXigYXSoJrrbaSZndSJws51DZPFNvXfZB6e1VjkWpISrXjb3DcQSmEoA15g-gQs5Q9A0PXno0sX3GD5ExrJqA5MgjJ7PGXTl_o1sPCAlfZb8ms1dkEVh6WPzSumaBwx7nPhUXzHHqBA2hOSSShDo0wBuUnXTF3LcRbw_DKKHNHdux8xgqFof2rKvkfWO6QyEV-yGaPFfpbUrkVpzwzCC_jUJzbZJii1jOOoYdO-OoJaWNZt2N-4_raynllev8kytOV5MWrcQHponlwdqlPl21Q5P3VK70BJ7mX7GadboCKcXQzHelchAKKXNRDFUMLsyLgT8RgvQnQQp4a6Iny0I_JRvwLs-_MkGfNpvDQ5TzlRPxSZUMYM_UFoYHgv3jFOszCNXkkBirm_1m584iVpO4pWUGpOPsoyrQR5gLNehRWgtjtrqeponhlCeDYPH40WSglVNUYlrUOIvskAAufcxnn_LxtQkfU
Cynopterus sphinx,Mammalia,Mammalia,Chiroptera,Pteropodidae,Cynopterus,sphinx,Y,L,HF,Shantanu Kuveskar,"Raigad, MH",MH,Coast,18.593732,73.155561,Facebook,,https://www.facebook.com/photo?fbid=920880914625405&set=bc.AboxvgrGS7lE5iMyIsKtJEd4SKULeDOKhqCvV4MtomAvyEuRjFKDhfLj-MMNEy1dgs4Fsf1g_kV38GPNLN2_66Q8av0ux0Kl_NQqFiKRWGA05jsVd2S_xaEEulWoBYLvCH6EN3ezDjboXNZFuFyvjhyK&opaqueCursor=AbpG_bs3Se2wxkr_IqsxctvwmbStZTeBXTwEfeZ7Oo_ppGy2_TlNTk3YhLBBzFiIEhlj1N84hMMvfLW4KZwqprIqQyH7z1XnNl07yjOZdI1CfWQlZ378TE4OX6MXNMY8kYBNgXMnh2jCdyiV2qUMoh_ujBRgHFNzEsa-yItnD-gNs-n_7AoZhTpXZcJS9z_tRnmaJVQGo_fFYWeC2LYOnGjYWw37vv3naHJN8AeOIBZTg07EGgLAjghhCBwvFyZ8IAxWOf7frxM0wT2-pNYTvnvp5Rq5DOPuKyb-QZvNSMUHvG2SrL5gYmKOpPy7nBIfLtvy-tMtQMfZ1vBAqfyEMqX4dpCyaL_12GMplLcm-tW0v4def6qJT85PivO4X28r8_R77SpraCcGb3I3b5wDZjs0fmBPZFJb9gJpBeOA-3f5OylXoIcLIZmzxzGN5ulw4AqRqFa1q73a3FmUVR6eSao581H3BZ_zd5UZ3uRzYwiQBKGWTBMGhktomaavNPHZSsfD6Fpb6wQQASK8Nzs22bVQ0RaGBxBZ9P4ecyqFtSu66Q
Duttaphrynus melanostictus,Anura,Amphibia,Anura,Bufonidae,Duttaphrynus,melanosticus,Y,L,HF,Kiran Poonacha,-,-,,-,-,Facebook,,https://www.facebook.com/photo/?fbid=115666597737&set=bc.AbrLGz_MjFEUyllEc1IPjdLQGxU2VsbxhysFDJ_VTvEUYFziTryRU6U80ROYICnfCkSirv2z3yKVthUiNpPpwRQDBbZ_3XBRnAeCAY8s56J8Zsj1wRcHGV1d-Pm_nzD_PR_gImgn5BWt3DEEUzgsYHfD&opaqueCursor=AbpkzUpaLHeJRKQGKkE3vH7_Y6S1i5b2C9dMb2b4GfHSnjqIwmTeicbL9_sjFol88OJDzuY8RsAlxtxkLfjGrK6bU0sUsT2ARjphZ4rRP8j_goEM-pNGzB8wFDUZwA8ViGRQUq9SmboBanzty1xC4khlm3yvtro8VHqKRe-dA6AbOQd_ejNYXW4GAvWNkyETgcefC6p_ij5hAWT0aPZGu1NuHqFv0cJpylvgcZv3ms7uqnXNlTWl3rLxkOfpijPIpyGDfdrW34W7voSuZpzduESq99AZAGMUSkaBjGSOTV2PW5s9IxBT1JN01nEHoEb7tcSp6G-ZaPv5QqFUGRviygLQnMkrTLE7c8ullBRijqnj8YdeeNUInFptZLROCneMr3ubf2fdUbjwpN_qLg14kY4Plaz_CRsAcKjgGTClUC24Cvp1moE321gnVDfD8czq_8qW62Xq85bbBKYPnSEz9WZgyyeGtTbWgjOIhhlRYLJ9tA
Duttaphrynus melanostictus,Anura,Amphibia,Anura,Bufonidae,Duttaphrynus,melanosticus,Y,M,HF,Manju Acharya,"Bangalore, KA",KA,Deccan Peninsula,12.971599,77.594566,Facebook,,https://www.facebook.com/photo?fbid=744286428962927&set=basw.Abq1auHXO730_8Ct5Kvzt8W9axXo-Ug0iAhocLGv4Olj_G875UNsiT5SWhfNJjGJJgijGe_1yAgCTudURfVaQFR3HD5IAVsNBIS7t6nuA9Ikosk7C2UitscGf1nAY68IQNwiWH177PP5VU_LlZcfhHeH9KYCORFRFBOPnbtBRGCHwQ&opaqueCursor=AbqngA-CeZopgxSvW-psE4mPmYlmmeVpMeOZ20aBLmpy8FqVn-Sa6bkHl2QnDa9Ai74a4i__FhuesQUZ3IdhOr-O5sDe0Xxz0J0lxNhGs1ye95oGITrPTv84si-EG5lf35xga_W37-44L39wCo6ArfiqCsQhQmEfH1OCnvbRBroiHzAJeIUNE-Dw4e3yYilk6Y5dHbG9seVG3o8zw_rB_9G55xnnNjHF8m5riiVoVNcesQpYlpb2amVlrT6uyjbbIcVRNKfkshRl2fUKpM3zKYmKxpDRebONEHT_Tal4PtMQo4dQvkIxn02aMD2ARYZtrQhUGTskbv-w9KknTG_Hxu1R5KGHwqbO0hRRi0QaN8u_VYE5BbcgaiFcTbzVIYM4ZWa43jGbG6e6Cb6KDzDd1mAVwXZrUKVenPoBaLtziIvknlsEtkZYpYnjQpdjq5_u1a2IksfeSLCG-HHpMC1-R4vliuonYTRWtb09AJ1ppd3pn5EbSvkpcmmg40Jz10grW8yute3qGEtW_ke0nDo4jsvDYcvdEgCpvfdh8SCtQ8vbzq6eIRMgAWRsB7Cw9heJ90WEzIwU1ovcUwH-Wj0G4h20
Duttaphrynus melanostictus,Anura,Amphibia,Anura,Bufonidae,Duttaphrynus,melanosticus,Y,L,HF,Kalki 2021,"Bangalore, KA",KA,Deccan Peninsula,12.971599,77.594566,Literature,,
Duttaphrynus melanostictus,Anura,Amphibia,Anura,Bufonidae,Duttaphrynus,melanosticus,Y,L,HF,Chaudhuri et al. 2018,"Jangalia, WB",WB,Coast,22.256756,88.462212,Literature,,
Duttaphrynus melanostictus,Anura,Amphibia,Anura,Bufonidae,Duttaphrynus,melanosticus,Y,-,U,Wall 1921,"Kannur, KL",KL,Coast,11.865216,75.365829,Literature,,
Duttaphrynus melanostictus,Anura,Amphibia,Anura,Bufonidae,Duttaphrynus,melanosticus,Y,M,HF,Pratik Mahapatra,"Tamluk, WB",WB,Coast,22.278173,87.914142,Facebook,,https://www.facebook.com/groups/387096378163324/?post_id=733207496885542
Duttaphrynus melanostictus,Anura,Amphibia,Anura,Bufonidae,Duttaphrynus,melanosticus,Y,L,HF,Shivasai Thammala,Telangana,TS,Deccan Peninsula,-,-,Instagram,,https://www.instagram.com/p/CQ-Tg3_saV1/
Duttaphrynus melanostictus,Anura,Amphibia,Anura,Bufonidae,Duttaphrynus,melanostictus,Y,L,HF,Shivasai Thammala,-,TN,Deccan Peninsula,,,Instagram,,https://www.instagram.com/p/CQ-Tg3_saV1/
Duttaphrynus melanostictus,Anura,Amphibia,Anura,Bufonidae,Duttaphrynus,melanosticus,Y,-,U,Unknown,Tamil Nadu,TN,Deccan Peninsula,11.01470522,78.40230434,Literature,Squamatabase,
Duttaphrynus melanostictus,Anura,Amphibia,Anura,Bufonidae,Duttaphrynus,melanosticus,Y,-,U,Unknown,Assam,AS,North-East,27.48,95,Literature,Squamatabase,
Duttaphrynus stomaticus,Anura,Amphibia,Anura,Bufonidae,Duttaphrynus,stomaticus,Y,-,U,Wall 1921,"Faizabad, UP",UP,Gangetic plain,26.77,82.150002,Literature,,
Euphlyctis cyanophlyctis,Anura,Amphibia,Anura,Dicroglossidae,Euphlyctis,cyanophlyctis,Y,-,U,Unknown,Rajasthan,RJ,Semi-arid,26.59271369,73.83425139,Literature,Squamatabase,
Eutropis carinata,Sauria,Reptilia,Squamata (Autarchoglossa),Scincidae,Eutropis,carinata,Y,-,U,Unknown,Assam,AS,North-East,27.48,95,Literature,Squamatabase,
Eutropis dissimilis,Sauria,Reptilia,Squamata (Autarchoglossa),Scincidae,Eutropis,dissimilis,Y,-,U,Wall 1921,"Faizabad, UP",UP,Gangetic plain,26.77,82.150002,Literature,,
Eutropis dissimilis,Sauria,Reptilia,Squamata (Autarchoglossa),Scincidae,Eutropis,dissimilis,Y,-,U,Unknown,Pakistan,-,-,,,Literature,Squamatabase,
Eutropis sp.,Sauria,Reptilia,Squamata (Autarchoglossa),Scincidae,Eutropis,-,Y,M,HF,Ajay Giri,"Agumbe, KA",KA,Western Ghats,13.5027,75.0903,Facebook,,https://www.facebook.com/photo?fbid=691501721012130&set=bc.AboCEoqY1jjfqa92gRUTug3G0rI7mzVAefKe1S9-EOi0VRq2OOPpCPi2cyngkZGPp3LJ34sZtnuvsqFckuFN0QLK8KDBdyV2Zg7G-7U1aYvbVKtT28oXslVkZoCtm956Ya6dglCGLIFV2BondlGGeLe-&opaqueCursor=AbobqJZnnWMs9hJztdgNNl56e5CYSRU1i7c0Gm8VIY3PC5NJdu9SubN-mKkcK8QPbZcuu5vZyQwE1xCG3xC4oqU6TeuGsT9GwBFOjj34bpI8R5jGTaEtH7VjDSx0bIl-Q3efNWrdcPrFOavhyH0ZhAUHxVLJhxfV1kBmHXkWNhioHWllWoIbL2R97bMn3hiOmKpAKfN7NuH3DERbBH_d7PAmOLM4FeLXku7WswHK7slIKXs02D0rjAxr-b1c3CSH7vyzjdRJdTD5F9Uthmz6adWO6NPxoLinIfSdk-sUJesgYPOSjtA-C8IB-6DoK1vYAp8yIgqdTT5DYahpxiOyYUdFGJody9sbtyIuGRw62dP0iOle903HeHyoCM6HLL_RXWP6CUhcwgn8FoLmUJvrOFPF9nKF83lLEKiOQh5FR0G-yqAbvzlV31TLX5As1ZVer8wA9iIdXN0p5LWkgeiqwlK9paPPTDErV2VUjgPSmmjTPHT6E8kIADMCnqQuxsqvVM4qyL9uor2XvmySXxyvMKyb
Felis catus,Mammalia,Mammalia,Carnivora,Felidae,Felis,catus,N,L,HF,Kishore Peraje,"Bantwal, KA",KA,Western Ghats,12.890325,75.027748,Google,,https://www.daijiworld.com/printArticles.aspx?sectionID=211968&sectionName=news
Fowlea piscator,Serpentes,Reptilia,Squamata (Serpentes),Colubridae,Fowlea,piscator,Y,M,HF,Ghanshyam Bhanware,"Kanha NP, MP",MP,Deccan Peninsula,22.334072,80.609067,Facebook,,https://www.facebook.com/groups/SnakesofIndia/?post_id=4702886253070730
Fowlea piscator,Serpentes,Reptilia,Squamata (Serpentes),Colubridae,Fowlea,piscator,Y,L,HF,Vinay Vinu,"Shimoga, KA",KA,Western Ghats,13.965528,75.560085,Facebook,,https://www.facebook.com/photo?fbid=306893400144687&set=bc.AbqLnsXqpPJHjNxqCqlOLSkeAxXNs9lbuCAuPqeONqd_6DUrJIwGD0aJByJbGjsguq6n3bIzuNL2XfuwF2IhpZMDbtOGLKZO40X1qmpM492HvpdWBJ2rSc87nf7UCB0Zc5HT9cHsbKIITanw-1DvL5Nj&opaqueCursor=Aboa85STGGEhC8QNI_EDGp3oqpfgdUUe2mECCK_9Am4pEqBgCJRFAqF1e1mx7Xv7Xj1KcTZuaYqY4y6p6eyTdl2nTl_beo9bMEYUeC940DqQm7vEZV_4Eglifv4Oo2bWPqAUtCsKEshKF6ljw9Rd8V0hcufJ-7JZB9bDHShubbGByFv-CxpkBwrMp29pkLVcWgmo2bTok047wccbTkRZRoTp2jh0g3uQWQsISOqRk6ncIFJsuB91zV5wasHBu7R4gUZhSTFwJuyvgpTJpbEBJO5sPnWK9gkDEh3W2CvILxPSo9Pj9I9PupGSmgcmJJ5N3t6RxanUhfLwnPZdeG7fxJizmQ7vyAQBfQjfqs3R-vTugTJGN8M-Yodv5EqlfQiNWLy3ICbXlGCtU66IxcHJ9Yo0rMQjqxRZC99DcugVD1XUPcO3I99LFoHzWgYs2E_7h_B3o_FHA0ya6jOKByqe-87jkoU2vEVsXyNWjKx6cVXAr-kKBEJwWro781tahZx1T8S96aSsI1Noy8hwfGfnqIWZ1JnFXpbZCcx4D0gbgZN8vslTC__KIiQ9VIXt4NTmmDI
Funambulus palmarum,Mammalia,Mammalia,Rodentia,Sciuridae,Funambulus,palmarum,Y,L,TF,Jigar Parmar,"Ankeleshwar, GJ",GJ,Semi-arid,21.636652,73.00978,Facebook,,https://www.facebook.com/photo/?fbid=1095688277181496&set=bc.AbrzEmn2S-IPKGk5bJEtWmv9LQMNTS9l2QhvsubACEcIC6Advwr_uebLyoii5R1RLe2LEyS68pUZSHUkhRrdtR3zOkr0JqZ4cAlXXCmv9mCmVh-AWKi3wv9khgeOTUNN0VkGPeCOjxRN32z7U-JCug6z&opaqueCursor=AbowR-UynlQ0DQRVxatlGz9m2AfOS9Jw82eCtJepH8Zbc5HWiA1etVi46qnBJjFOUS3VwvDXKAr5tO9Mw0yq4PRtCENH9AJN2NzKJel-36lKIeuSC7WjVWjCAkuQAIsmT4vFWqTeZElgQrrs7eCvkIfxyVbMQUTNGjRZ7HIcDxqm88Y4GdeIgF1Aq_eKGtw2GuZQUfpY5PpYlhoVgBZ5r_yldYwMKQKrWT0bvnp2GFFI8P3tP2cutbeW9SnT8NeVG1Kb5d_dApwoUcj3WY9qL55fiJbrt5w5rVvv_Tz7SgF8kS_i3PndLLa_6gyAFfdXE0lXfcelaNKRlm8VAaMcmvjgnu5U01oyQYDzHhFgtmq32X5nsMaW9FZgCDZplJ_3SJuDrHuaeBpNT5WyjDMNP3KzPqjTPxvfNcU1K4jBHB1lnBNimaE2Qf8k6L2nWLyOFO8JtfenzR-B0jLaf018lPZznvbtydOYmRqk9r6TPC-gkw
Funambulus palmarum,Mammalia,Mammalia,Rodentia,Sciuridae,Funambulus,palmarum,Y,L,U,Aadit Patel,"Valsad, GJ",GJ,Coast,20.621321,72.909051,Facebook,ate 3 squirrel pups,https://www.facebook.com/groups/SnakesofIndia/?post_id=4574310242594999
Gallinula chloropus,Aves,Aves,Gruilformes,Rallidae,Gallinula,chloropus,Y,L,U,Siddhart Mallik,"Bangalore, KA",KA,Deccan Peninsula,12.971599,77.594566,Facebook,,https://www.facebook.com/photo?fbid=4797460386934338&set=gm.10157778030202411
Hemidactylus gleadowi,Sauria,Aves,Gruilformes,Rallidae,Gallinula,chloropus,Y,S,U,Wall 1921,"Faizabad, UP",UP,Gangetic plain,26.77,82.150002,Literature,,
Hoplobatrachus tigerinus,Anura,Amphibia,Anura,Dicroglossidae,Hoplobatrachus,tigerinus,Y,L,mixed,Kalki 2021,"Begar, KA",KA,Western Ghats,13.49858,75.199452,Literature,"regurgitated 9, first was alive",
Hoplobatrachus tigerinus,Anura,Amphibia,Anura,Dicroglossidae,Hoplobatrachus,tigerinus,Y,M,HF,Hari Krishnan,"Ettumanoor, KL",KL,Western Ghats,9.683929,76.550574,Instagram,,https://www.instagram.com/p/CEEdDL0gbKF/
Hoplobatrachus tigerinus,Anura,Amphibia,Anura,Dicroglossidae,Hoplobatrachus,tigerinus,Y,-,U,Wall 1921,"Kannur, KL",KL,Coast,11.865216,75.365829,Literature,,
Hoplobatrachus tigerinus,Anura,Amphibia,Anura,Dicroglossidae,Hoplobatrachus,tigerinus,N,M,HF,Aditya Singh,"Ranthambore, RJ",RJ,Semi-arid,26.011172,76.353753,India Nature Watch,,http://www.indianaturewatch.net/displayimage.php?id=565533
Hoplobatrachus tigerinus,Anura,Amphibia,Anura,Dicroglossidae,Hoplobatrachus,tigerinus,Y,M,HF,Kuldeep Chaudhari,"Vasai, GJ",GJ,Semi-arid,-,-,Instagram,,https://www.instagram.com/p/CCs_XzvgphK/
Hoplobatrachus tigerinus,Anura,Amphibia,Anura,Dicroglossidae,Hoplobatrachus,tigerinus,Y,-,U,Unknown,Pakistan,-,-,,,Literature,Squamatabase,
Leiopicus mahrattensis,Aves,Aves,Piciformes,Picidae,Leiopicus,mahrattensis,Y,M,HF,Hitesh Oberai,"Ahmednagar, MH",MH,Deccan Peninsula,19.0952,74.7496,Facebook,,https://www.facebook.com/photo?fbid=10204550177472381&set=bc.AbrYhUSRJ_VKgM5tk7McDYqIqfCsDKIJxqNID2I6cTXldXWM1xoqENlvrLQf7A6tBmxZnuSX9ylcc4ndwQGONM6BvEl3f2DNwIKpQ--EjpzazIJlips1iWoWvFkU_N_jfdVujN3v5DbhHtW177CPlSVG&opaqueCursor=AbrKwi8BpjokQFC-piTQDqB_zSJj3jWbKx236Q1O_1E-lTW89JvGOXcxSZX-JClrUZJ5F3OAXaAkMKi1liM_o-zCYZjboXH5wPfmFwgFAu_oCEglyeCQeOcD9xS7brITauT0il1rtLOZFmV0cQtsuEZT04XXUTcJd_PKu_Q_d2rRqw0ozog_xXIZDBonRlHMCQCyWsZNGbac_q3N1735nW9oXrxZHL9yiWfMmCbtgOioQu-MPwxs4rP_Ak1vuyfg5iazQ1ZqULcBMgxEJkldlOOL-gVeiw18KEUEXcK9uQkz16lNy71sKPIneKo9Vkud90hfhrdR5lhKDDHZD8NqAcv7tMWLwSbZwuuxXTaESqxcn7RuYbC74qFK59k1YDNzrAQfakVGVKB8ScXGN1s9fRlIFx7ghpLshkhUsaAky0BdLTYdDI9N_7XB6H5mX2_Ppl8nvkLMLPfTNmTuNwfGYScXFnAl5Me2O9bWUaO9LdS7eyTeCME5bu4bUAQ3gT7sRmPKdZl0fGA51iWtD8XTorm60vOgQSqvodvEwKKF9uVRbKAz78LjU-z8Le1RaOkRozM
Lepus nigricollis,Mammalia,Mammalia,Lagomorpha,Leporidae,Lepus,nigricollis,Y,L,HF,Thanigaivel,"Alwarkurichi, TN",TN,Western Ghats,8.778832,77.39458,Instagram,,https://www.instagram.com/p/CBdZOjXAhvU/
Melopsittacus undulatus,Aves,Aves,Psittaciformes,Psittacidae,Melopsidttacus,undulatus,Y,M,HF,Jigar Solanki,"Pune, MH",MH,Deccan Peninsula,18.521346,73.824856,Instagram,,https://www.instagram.com/p/CM7L1W6hPb2/
Naja naja,Serpentes,Reptilia,Squamata (Serpentes),Elapidae,Naja,naja,Y,L,U,Yatin Kalki ,"Bangalore, KA",KA,Deccan Peninsula,12.971599,77.594566,Pers. Obs.,Preying on medium N. naja,
Naja naja,Serpentes,Reptilia,Squamata (Serpentes),Elapidae,Naja,naja,Y,M,U,Yatin Kalki ,"Agumbe, KA",KA,Western Ghats,13.5027,75.0903,Pers. Obs.,Preying on small N. naja,
Naja naja,Serpentes,Reptilia,Squamata (Serpentes),Elapidae,Naja,naja,Y,L,U,Yatin Kalki ,"Agumbe, KA",KA,Western Ghats,13.5027,75.0903,Pers. Obs.,Preying on medium N. naja ,
Oligodon taeniolatus,Serpentes,Reptilia,Squamata (Serpentes),Colubridae,Oligodon,taeniolatus,Y,M,U,Kannan Nair,-,-,-,-,-,Facebook,looks like its scavenging a roadkill,https://www.facebook.com/photo?fbid=2466562603367728&set=basw.AbqfbwOBI6YgXNDxP7wBtx5nLBby4Szr6XsbJvyrwldISAprG0rLY1cCFLKLF8UNEX_z4sd2g8DbMhdpLUYF93Cx88QSHa8srB3vqUoERboQunWHej9Aw7A3qgaPrqARUcFP-kcq0prr-Hs72Az4mLxs&opaqueCursor=AbrCgtiIHnqogg8GPkpM-0PK1SUrKoy9FcJ2JU_Y4w8FPXPSyF9juJohVw_MR40lLrsKylf4S9pLSO2P4JWFdbJ7KM4fvLoBF-TU2x3SfGjxxSifI1xb0eSJgS7LtWup2EEOKfh7PeBQKVZUyLrjiTJqd_Hm3N9x1_zv_3yupnaHWnF55H7BqJ1LPynaPD4yzgkeNWW0lgufF3iZko_J68W_L2VZzi9zvODuaf2CLDoyttVGIEzYJZzFSDVcWXBDi2dE8qfkV_bN7y_fBS7_do5FccZxvgplrDr5J52nh1A7MmT3wFx9Jxmg58v7qFv5PtZpa25ChIxrie9SlcF3h9gRUPR-hig2mapKIGICN7qAhEevVPKS4Zzuz5MU3lIuLoWYRqa1bseKu192I0mwq_5-snNOWDkJug-6HfiByk49t8cw21dk7TKds586VguFVX8_Z608wb3_8MMmUbO6pzUwLVfFG4O5h71JzXrdrTgCsI7x9RKXfNnRO5EuqifjgS0OMrrE95JGKq2OzfTISskDbMK03nYuL_c3EJpZGOwu8HYl8Elj5aHyXBv1csjIUL2hlPkazewJwJuHFF7qUCtzldFKWg8Ai6qF7AGcUCTlEH350xuSE8V1ZfSXBXveJlEpGrFtxXO9xNndngZB5RanqPf-qAGvlozDK36OG6cb9RVOfHWMAQ6axRyZdBGLfnWYG_UjJqMq6wxkhGKjBNub5sedEhWlby5Do7lvEcGlcmzu6ijBrw1ImqnH7ke9urgaVAO355BHFV89tFY6c_Svf8elPsj8TjSbUcYD7wKaR-UY08gQggAYTPhD4-5zxvxmGcC67xW-ez-4IAw8_vIAlUry7urCsYUM1a82DrFy6tQlTk9NldfPGruA6W0ZiqTuGscHNycGEwOSohRQVDAlBQBHCGn0w6sq6AvHqGHsOfAanSEQWoWsQo73I3tlC2ZlZQHfkLNFwxcWf43To7OfG4P_GxI7VSrrS9lKNz63OXzeEnyXOuxBaBi6SpC_ysE
Ploceus phillipinus,Aves,Aves,Passeriformes,Ploceidae,Ploceus,phillipinus,Y,L,HF,Anju Kanth,"Mysore, KA",KA,Deccan Peninsula,12.311827,76.652985,Instagram,This rat snake was successful in taking a young chick from one of its nests.,https://www.instagram.com/p/CTM-OUnJqgk/
Psammophis condanarus,Serpentes,Reptilia,Squamata (Serpentes),Colubridae,Psammophis,condanarus,Y,-,HF,Wall 1921,-,-,-,-,-,Literature,"BNHS Specimen, presented by Lightfoot",
Ptyas mucosa,Serpentes,Reptilia,Squamata (Serpentes),Colubridae,Ptyas,mucosa,Y,L,HF,Ranjit Mahara,-,-,-,-,-,Facebook,,https://www.facebook.com/photo?fbid=1837379649714876&set=bc.AbpVQ01yHSj60xPPpKD3sQokP62aO-CvxoeOL4qT2IWJoSheyvLYLtlonembrlnqD_uV1xTm6ZiSsMoPMVp1bU2xw7klkWFv25i2Frj59pI9qM8D_FF6nh7SUFsvAeyvCRsazusvFr34FgdS33IWnPtk&opaqueCursor=AbrtBgqkrRRY-3zkgw65xiZB6nIM8RGDPxjhtDuiyvj0YC-9TQcimsViqxPxE21HmzwChwnhCRtcsRRGX4PbgE6PPXqRvgSpQbDJHcE4j9pePv5-r-WSuSweki-eeUuLx3SHc_318SK4Fko-SmeqyigPpyXj8bXF0wJ2lybOjBj-tN2iWjUL0J04a7se8475Zm_OzGeOlCsePN4ffT26YRNZPOCpQYjIsBLqDztKXPq2MXOCa06FJ68a2CDV1vvZ_pqj4yWFWDCAxkrH5wqgzsvLyNPRPIipHrg9FnyoqtruVSrkwY4RbWFb_-q1qGeQwGuO3fYXCat5XFIGPKySFB1-2QD10Ji45d_fJF2DXXlwMMWj7Zrji3TaBXq0jU1rEvfYOroJpuv17CYK61OfskGCdteXxIOyxfLjMo7Ee2uClxJfGjw_mTW6n2Hp8Pteblm4T7A6cO8jKNbjgIC2gwxfLso_JemSQZQj1zH7hdoBCA
Ptyas mucosa,Serpentes,Reptilia,Squamata (Serpentes),Colubridae,Ptyas,mucosa,Y,L,HF,Ranjit Mahara,-,-,-,-,-,Instagram,,https://www.instagram.com/p/BuvjRcfgKra/
Ptyas mucosa,Serpentes,Reptilia,Squamata (Serpentes),Colubridae,Ptyas,mucosa,Y,M,HF,Ravisara Jayamanna,-,-,-,-,-,Instagram,,https://www.instagram.com/p/B9O-QBgpnXc/
Ptyas mucosa,Serpentes,Reptilia,Squamata (Serpentes),Colubridae,Ptyas,mucosa,Y,L,U,Wall 1921,-,-,-,-,-,Literature,Observed by Assistant Surgeon Robertson,
Ptyas mucosa,Serpentes,Reptilia,Squamata (Serpentes),Colubridae,Ptyas,mucosa,Y,L,HF,Saha & Chaudhuri 2017,"Henry's Island, WB",WB,Coast,21.579694,88.289478,Literature,,
Ptyas mucosa,Serpentes,Reptilia,Squamata (Serpentes),Colubridae,Ptyas,mucosa,Y,L,HF,Ravisara Jayamanna,"Mattegoda, Sri Lanka",-,-,-,-,Facebook,,https://www.facebook.com/photo?fbid=1666355326878652&set=bc.AbrJHu-yP3S-wjY4AJtPw_fmrbzktUL4SlVMr4oCbqf5s2Th4fE32bndNxbY7WXZ9XcRfb6j6gOX2g7CCQZQLeYDEHlJq32yAGW6TtU-2DqoyrV5mhn9PYmVLtBKMy2kT-r_d8PElsBL0q0L0hSByzCV&opaqueCursor=AbqgCLbC9Hn86RtriK1mEu7Zq0m9UMG6IJpJmb4vWZKj8NGs8uaUMYqdDDRZnxs4IZOPNq4bb_IQd2ZgeilvMyS7787jm8n0-97ep5Av6sde8kZVGkNMspPGKBvzVti26LeRnzvdu6qGndZgpsAmPfJOnU84MGwbK_uvEMu96qGM-dnuL1di5J2F6C0bT29v_HzMauTujUmSvb3YaH_BnB3lKcMGzfGMztM1AFOgTRFpuc4b4NNzHdlXsgaSoYynULNLqPHvuN_frf86-7Ir5wCwXi7Jp3diw31EcwjdTklxyohHa6dNJ1qsQE_-8wbv-3ylBBJ-YHextvcUNDY48pC-ChVY3DQ026Hel9cSc1Klxm4LrTwCbOE6hhYOvCpKBXFLohPj3Mh9kNTujZQeuQiXYWV8LhZc2cxAniEddi5ggB24AQ79ab-LnClWVJ0scRAemwgoNdeHBAquwEYeuBN2gRY6pK2DFvwUN8VHDnR-zmMHjUjFEe6otn8Eb059h0Lk5lKx-yOC98UNIuIuyiP1
Ptyas mucosa,Serpentes,Reptilia,Squamata (Serpentes),Colubridae,Ptyas,mucosa,Y,L,HF,Abhirup Kadam,"Mumbai, MH",MH,Coast,19.095779,72.872955,Youtube,,https://www.youtube.com/watch?v=JLhbwSATeTA&ab_channel=AbhirupKadam
Ptyas mucosa,Serpentes,Reptilia,Squamata (Serpentes),Colubridae,Ptyas,mucosa,Y,L,HF,Zeeshan Khan,"Sawai Madhopur, RJ",RJ,Semi-arid,26.015117,76.377293,Instagram,,https://www.instagram.com/p/BiByFEEg29j/
Rattus rattus,Mammalia,Mammalia,Rodentia,Muridae,Rattus,rattus,Y,-,HF,Kalki 2021,"Bangalore, KA",KA,Deccan Peninsula,12.971599,77.594566,Literature,,
Rattus sp.,Mammalia,Mammalia,Rodentia,Muridae,Rattus,-,Y,L,HF,Ajay Giri,-,-,-,-,-,Facebook,,https://www.facebook.com/photo/?fbid=1326194434209519&set=bc.AbqDhUKkQbVeiKJZZgO0scIaUjVpKOvzKp971Nc0Kc4thj1cEDflTea4mjUQoH3cPuoPqvkGluYkzaf0lkvm085UfhtrX_XeroQHAJb87yiarVyu7-0yJLvSvACFjvf69bpepdveGvkyrbPvaGsB6uLc&opaqueCursor=AbrkExEFr3O-GkLIQsYb594uYW1WYPvIaKkcGnPU-K2zPSKM5AzN0g6w4G1207uVjjEtaPCn4Rz_jIrbAT1CA_Sp5CQiBi-ngl2kdMehfnDiStYlb1GxvwAu8uuql5eZCFZDR1a2MOI3nMMzL7fnkRDNt5qtiiSfUGykCP3oiNsQbsbCYJ0n-yRR-k_JRbx8xwh_O4QXqJJR2555RpDGSDuCt12I4eJkU_0R2BbHXxKtKzyEULJQ9AsB7hobmSHHaSNBAJziDCG1ZwWKX6LP4COSkYifeOMjMhRKt1W5AvwvcX6WYk9NUH7OvJljS6LdJzerdMZ9BFxtbu5_p16mC5SKgBOH5speEa75IhcjtjUHP9Ce1JmFc0gusvXarC1VC09NXie2PLbaNDKqjj0ke5wrW9QLGS5fSerVgLqbqYJrLIenj0xlFunHaGLjxDFTYaPei9ADhoac5gQGbBh80W4uTJiCLB0BVL-QH3DisGaRcg
Rattus sp.,Mammalia,Mammalia,Rodentia,Muridae,Rattus,,Y,L,HF,Shreedhar,-,-,-,-,-,Instagram,,https://www.instagram.com/p/B4eWwSUl55v/
Rhabdophis plumbicolor,Serpentes,Reptilia,Squamata (Serpentes),Colubridae,Rhabdophis,plumbicolor,Y,M,HF,Deepak Mani Tripathi,"Bandhavgarh, MP",MP,Deccan Peninsula,23.700211,80.975776,Facebook,,https://www.facebook.com/groups/bikenhike/?post_id=1835270966524090
Rhabdophis plumbicolor,Serpentes,Reptilia,Squamata (Serpentes),Colubridae,Rhabdophis,plumbicolor,Y,L,HF,David Raju,Satpura Hill Range,-,Deccan Peninsula,21.415747,76.163148,Facebook,,https://www.facebook.com/photo?fbid=10206910620072790&set=basw.Abp2doZZE541DAFRWMhxadwnPhyGRFhOtuVPlRxvChUg20o-P6JO8XuRUFqIwZXj2EbNU8clC-G12K3TIpvsxdKb7WhgCHJvqYMgr1pRmNfssxINSzTFZ0D7TJyGijYbOevtJn_4rNvnZHAFRBMTvzbm42Rr52oHnVCVL0nHesTvFg&opaqueCursor=Abo5BSvbJCxoNKxpXxAaU0onNEqOz4kOoe2xxjsFMlthIwlNIfLrD562dBrL-1aFdUaWBd-BqkpAuSZdznxvWt2sATl7yuFH-x9EpcuXxv0DS6rEUU4gCvHyFFDAHPLCRHUa-07K8VqwzRQKkVTq7muVzkwRZMgSydiVvO3TbYmSPO5d6Z3vKMUuwgb6oz28SRxKu7QYxtr_s11eAyLh4wAaO0AXc9DZEkZW1w7X7P9Jhv6ZGZdbhCN27SLSQE5e3IFv-d4bEHpgUyLpTfq9fP2kNUidew2hkUyxj5lnNkld8JVv8cbt6oGzSAlsEXO_EWHenVPUMy5EN3lb0Z-1a_pVkrofu2Tjjk1u0BxV3Jd0Kas8SnnqmxXx3lM1rEptVCkeGu9-20cJZf7mCEpWortvI0MNkht7tmEvBke-WYuf9kjvDwzeqEthz9Q-RwlGgMy8ObxxpxVWZ7Ihc65amOv_TWSIqz_AYCAurgJLnYDUIgOfH2mMD3fVwvsJwb-BI0n0fl9HmpYFWFYeSD4gJ0Uw097KaB90Wu1nQl-8e9tAANldWlnsitmUocQJCgV6Wen9CGVgCmxlvTyyRUyUKf8QM92DTHGFIvur_2fLWkh3UznNq7i1cLkuJXqM0eyfAPE
Rousettus leschenaultii,Mammalia,Mammalia,Chiroptera,Pteropodidae,Rousettus,leschenaultii,Y,L,HF,Hemant Kumar,-,-,-,-,-,Facebook,,https://www.facebook.com/photo?fbid=10154356396076719&set=bc.AbqOFKQXGjrYUF50hteg6VF--81Tz-bsLrxjliNQJVXH6gqf8ciJmU05tmQpqPr-X7BiR79xrVSuBCkpIr9VbOZ3wOLVDXj-8y2FD5u1RhWc6YxS2xsE8Zm_novkPr0c-zjfe2F4CEj2EMfydurv85RI&opaqueCursor=AbozbRUXsAHWcLcEDuTCfFClfF_viHFuhZlsiBcMFZi6vRBgHLuGQJrFX4FCvdWDyMNUqraPACx-R99jMuuKmEtc2HM8fPmv61c6hcPMgQBvJEiSIirlhBxTbEVkTfTJK3r-H7ydg_j5hdd70v-Low5zg0uB3M95DoU295hiGRhw8c4mjtOtaysebQ7B7vlAkiybxaoMAHpv6wElJNcmkw_6IYCoUle73VJlqbvLrcKItVlEXlZLcp896ODhgYmWvst1-7O1t3yWCB_hbNFPgFGCJebPJ9IwyY_s0jDWvVkgvQV0tYzPs3j7YpKSqHUvxSemz-N6jTTRviVJthIy50AjfjuHYDV4rc2qtOJuTzVKd7kbvc-XGBwd63eK3IRyNDh0C7C-d4M-NbXWheSwApB2_-oeT9Ocs00obafXqs_B66okuo8kaPC8nVvgNx0DtzsxAH4u76apaInPsNEbg7wIWCQXpWvtY1LD-pe20dD_lQ
Unidentifed aves,Aves,Aves,-,-,-,-,Y,-,U,Unknown,Assam,AS,North-East,27.48,95,Literature,Squamatabase,
Unidentifed rhacophoridae,Anura,Amphibia,Anura,Rhacophoridae,-,-,Y,-,U,Unknown,Tamil Nadu,TN,Deccan Peninsula,11.01470522,78.40230434,Literature,Squamatabase,
Unidentifed rhacophoridae,Anura,Amphibia,Anura,Rhacophoridae,-,-,Y,-,U,Unknown,Tamil Nadu,TN,Deccan Peninsula,11.01470522,78.40230434,Literature,Squamatabase,
Unidentifed rhacophoridae,Anura,Amphibia,Anura,Rhacophoridae,-,-,Y,-,U,Unknown,Tamil Nadu,TN,Deccan Peninsula,11.01470522,78.40230434,Literature,Squamatabase,
Unidentifed rhacophoridae,Anura,Amphibia,Anura,Rhacophoridae,-,-,Y,-,U,Unknown,Tamil Nadu,TN,Deccan Peninsula,11.01470522,78.40230434,Literature,Squamatabase,
Unidentified anura,Anura,Amphibia,Anura,-,-,-,N,L,TF,Richard Market,-,-,-,-,-,Google,,https://www.youtube.com/watch?v=MaoT6xMeqDI
Unidentified anura,Anura,Amphibia,Anura,-,-,-,Y,L,U,Wall 1921,"Faizabad, UP",UP,Gangetic plain,26.77,82.150002,Literature,"disgorged 6 frogs, ",
Unidentified anura,Anura,Amphibia,Anura,-,-,-,Y,M,U,Rajaram Tallur,"Koteshwara, KA",KA,Coast,13.592875,74.693296,India Nature Watch,,http://www.indianaturewatch.net/displayimage.php?id=565534
Unidentified anura,Anura,Amphibia,Anura,-,-,-,Y,-,U,Unknown,Tamil Nadu,TN,Deccan Peninsula,11.01470522,78.40230434,Literature,Squamatabase,
Unidentified anura,Anura,Amphibia,Anura,-,-,-,Y,-,U,Unknown,Assam,AS,North-East,27.48,95,Literature,Squamatabase,
Unidentified aves,Aves,Aves,-,-,-,-,Y,S,U,Wall 1921,"Faizabad, UP",UP,Gangetic plain,26.77,82.150002,Literature,Fledgeling,
Unidentified chiroptera,Mammalia,Mammalia,Chiroptera,-,-,-,Y,-,U,Wall 1921,-,-,-,-,-,Literature,six bats,
Unidentified muridae,Mammalia,Mammalia,Rodentia,Muridae,-,-,Y,-,U,Unknown,Tamil Nadu,TN,Deccan Peninsula,11.01470522,78.40230434,Literature,Squamatabase,
Unidentified rodentia,Mammalia,Mammalia,Rodentia,-,-,-,Y,L,HF,Naresh Ramchandra Shirodkar,-,-,-,-,-,Facebook,,https://www.facebook.com/photo?fbid=10222443779503713&set=bc.AbrGL2inF-tZhi5kyVO8u4re8yeCL7sTVVDdLhhtzGJjDj19QmFD8AxvEme-nu3uJ0uqmAFoZguHkDp5ylpFElL1eLFif9HlmO3hvuelkLOJFlrgY0dfBw9jw-kY_pE2HEF_OPyrtKXCYGOriYy_rMbb&opaqueCursor=AbqHMZBeP35H6FhJ4OoAIQL0EL56nU9A6DlLCTXBb21bDLvnmhh7Gj8AZEoGANcRScQ1JTxWfrZj-1ob7l4lLPpD4_Knnv8bfX9sLvdjeiHA-aFl8idh8h3RZ5gjWXS42eFg62yj30wQuw2TfGgrOd1yZTurAE8btC95YWOksGSyOB4iSzl4C6OOX2m8RaPImyUhu2gl703xatYhw5Aez-Xs1vvEta9IMHeBzy_YTwvSkDzRZ4KjA6iFmUPTf98fQuhTEoUu6QEL-6iwmpHNNbIS3hAvITJzM8d3X8bWx7Cv-No1gsm0ejC3VMsLmeDvcxDrEKqGx9CbEe0U8Lk-6Pv3m0Ax64nYatGXwHJDrOWPN__R-5lYE1h-FNAp2aRA8r2GiyuXxS5Z-Dbbwy7HQGobN9OmTlJISJJBEmg181VgI1XdR7sQOm5N0rFmS0R8eyaFLX2Olov-7kPRYihdO2X8J9fbi-Bv_aXfl4TENT_1di6H-86-J_Lm5Q_WY2ow1LdaNkoRo8nmr__LJguPqaXlf27wKt-HZKMqDFOuRcz-CQ
Unidentified rodentia,Mammalia,Mammalia,Rodentia,-,-,-,Y,L,HF,Rithul Sathwara,-,-,-,-,-,Instagram,,https://www.instagram.com/p/CDx1-DWgOVj/
Unidentified rodentia,Mammalia,Mammalia,Rodentia,-,-,-,Y,L,HF,Tushar Pancholi,-,-,-,-,-,Google,,https://www.youtube.com/watch?v=bg-4qeT3rDQ
Unidentified rodentia,Mammalia,Mammalia,Rodentia,-,-,-,Y,L,HF,Gaurav Patil,"Mumbai, MH",MH,Coast,19.095779,72.872955,Facebook,,https://www.facebook.com/photo?fbid=968044869901945&set=bc.AbpiBYMHb-uaMjChft5fhI0mLDIozVT5OrXdLj0cVgeeGoYFfKZnowKGrB6fucmVfbacI_TNzGvQnL1R5qTZCdp_YreJTtdXgJ7yfBuvp0K2FOr4Ydo3j36NNdOZsOvxl21X_cKsuzK-J2FCG6Ci7QIn&opaqueCursor=Abo8Y8j97oHbm4mmSVIXQ516Xt1xlqR5rTDrCiyyM2VJg3pTflxrFGAiCStXuxIv8ZVzVrGBKewobw6Cmm0K3MRN1NFfFCjgpcJXwPo9drlhzvReG9ZRD-G5hGIYMR6SFOiqMlchjx1mF72MUAYgjbcSWCxbTEUpFzpsbF2SPQjC7uUXQHHK3kjTd20f0eQuC6TIbtArN9ZmHnsv_jgqqExnCsvM8PvfkQ8u5yXqr8D_Ie4uwQJu5ycNntWmVapDuid78eLxzuANYrbf_BsMJN76YKvDr7-YYfphBVfQg6DRQPBRDoJ_yz4ES0k85EslTOJbHkoNsCiIIc0MlWAPNsHaNWc2d8bGdMz_AKSi4B3lzTk1MnLv_r3SpYwLC1sNJJgmpk1iB8fq6L6-CP_8HgDB3fofjOR-IbhPHi9dN6uw3u2zrtJ7P6bV0JW-GiHhfZeFctU6nLJ1ysOB85Qj5nHMd2CC9IrN63oIiR2KzEvrN4mi2JSfIuUUHZgm8Mc0OiGqoBcF2Qyl9wtRKVEErFNwsGEp5Z4REzWZR3ltINC0-Alxk3k-nMMN2_zCSFV8Cmk
Unidentified scinidae,Sauria,Reptilia,Squamata (Autarchoglossa),Scincidae,-,-,Y,-,U,Unknown,Tamil Nadu,TN,Deccan Peninsula,11.01470522,78.40230434,Literature,Squamatabase,
Unidentified scinidae,Sauria,Reptilia,Squamata (Autarchoglossa),Scincidae,-,-,Y,-,U,Unknown,Tamil Nadu,TN,Deccan Peninsula,11.01470522,78.40230434,Literature,Squamatabase,
Unidentified soricidae,Mammalia,Mammalia,Soricomorpha,Soricidae,-,-,N,L,HF,Kalki 2021,"Talluru, KA",KA,Western Ghats,13.785857,75.234282,Literature,abandoned prey in paddy field after disturbance from me,
Unidentified trionychidae,Testidines,Reptilia,Testudines,Trionychidae,-,-,Y,-,U,Wall 1921,"Faizabad, UP",UP,Gangetic plain,26.77,82.150002,Literature,tortoise (Trionyx),
Unidentified uropeltidae,Serpentes,Reptilia,Squamata (Serpentes),Uropeltidae,-,-,Y,-,U,Wall 1921,-,-,-,-,-,-,"Reported as several Rhinophis, Observed by Green",
Uperodon systoma,Anura,Amphibia,Anura,Microhylidae,Uperdon,systoma,Y,M,HF,Ghosh et al. 2020,"Puducherry, TN",TN,Coast,11.945194,79.791384,Literature,ate 2 systoma,